class id,labels,scientific name
0,ABBOTTS BABBLER,MALACOCINCLA ABBOTTI
1,ABBOTTS BOOBY,PAPASULA ABBOTTI
2,ABYSSINIAN GROUND HORNBILL,BUCORVUS ABYSSINICUS
3,AFRICAN CROWNED CRANE,BALEARICA REGULORUM
4,AFRICAN EMERALD CUCKOO,CHRYSOCOCCYX CUPREUS
5,AFRICAN FIREFINCH,LAGONOSTICTA RUBRICATA
6,AFRICAN OYSTER CATCHER,HAEMATOPUS MOQUINI
7,AFRICAN PIED HORNBILL,TOCKUS FASCIATUS
8,AFRICAN PYGMY GOOSE,NETTAPUS AURITUS
9,ALBATROSS,DIOMEDEIDAE
10,ALBERTS TOWHEE,PIPILO ABERTI
11,ALEXANDRINE PARAKEET,PSITTACULA EUPATRIA
12,ALPINE CHOUGH,PYRRHOCORAX GRACULUS
13,ALTAMIRA YELLOWTHROAT,GEOTHLYPIS FLAVOVELATA
14,AMERICAN AVOCET,PSITTACULA EUPATRIA
15,AMERICAN BITTERN,BOTAURUS LENTIGINOSUS
16,AMERICAN COOT,FULICA AMERICANA
17,AMERICAN FLAMINGO,PHOENICOPTERUS RUBER
18,AMERICAN GOLDFINCH,SPINUS TRISTIS
19,AMERICAN KESTREL,FALCO SPARVERIUS
20,AMERICAN PIPIT,ANTHUS RUBESCENS
21,AMERICAN REDSTART,SETOPHAGA RUTICILLA
22,AMERICAN ROBIN,TURDUS MIGRATORIUS
23,AMERICAN WIGEON,MARECA AMERICANA
24,AMETHYST WOODSTAR,CALLIPHLOX AMETHYSTINA
25,ANDEAN GOOSE,CHLOEPHAGA MELANOPTERA
26,ANDEAN LAPWING,VANELLUS RESPLENDENS
27,ANDEAN SISKIN,SPINUS SPINESCENS
28,ANHINGA,ANHINGA ANHINGA
29,ANIANIAU,MAGUMMA PARVA
30,ANNAS HUMMINGBIRD,CALYPTE ANNA
31,ANTBIRD,THAMNOPHILIDAE
32,ANTILLEAN EUPHONIA,EUPHONIA MUSICA
33,APAPANE,HIMATIONE SANGUINEA
34,APOSTLEBIRD,STRUTHIDEA CINEREA
35,ARARIPE MANAKIN,ANTILOPHIA BOKERMANNI
36,ASHY STORM PETREL,OCEANODROMA HOMOCHROA
37,ASHY THRUSHBIRD,GEOKICHLA CINEREA
38,ASIAN CRESTED IBIS,NIPPONIA NIPPON
39,ASIAN DOLLARD BIRD,EURYSTOMUS ORIENTALIS
40,ASIAN GREEN BEE EATER,MEROPS ORIENTALIS
41,ASIAN OPENBILL STORK,ANASTOMUS OSCITANS
42,AUCKLAND SHAQ,LEUCOCARBO COLENSOI
43,AUSTRAL CANASTERO,ASTHENES ANTHOIDES
44,AUSTRALASIAN FIGBIRD,SPHECOTHERES VIEILLOTI
45,AVADAVAT,AMANDAVA AMANDAVA
46,AZARAS SPINETAIL,SYNALLAXIS AZARAE
47,AZURE BREASTED PITTA,PITTA STEERII
48,AZURE JAY,CYANOCORAX CAERULEUS
49,AZURE TANAGER,THRAUPIS CYANOPTERA
50,AZURE TIT,CYANISTES CYANUS
51,BAIKAL TEAL,ANAS FORMOSA
52,BALD EAGLE,HALIAEETUS LEUCOCEPHALUS
53,BALD IBIS,GERONTICUS EREMITA
54,BALI STARLING,LEUCOPSAR ROTHSCHILDI
55,BALTIMORE ORIOLE,ICTERUS GALBULA
56,BANANAQUIT,COEREBA FLAVEOLA
57,BAND TAILED GUAN,PENELOPE ARGYROTIS
58,BANDED BROADBILL,EURYLAIMUS JAVANICUS
59,BANDED PITA,HYDRORNIS GUAJANA
60,BANDED STILT,CLADORHYNCHUS LEUCOCEPHALUS
61,BAR-TAILED GODWIT,LIMOSA LAPPONICA
62,BARN OWL,TYTO ALBA
63,BARN SWALLOW,HIRUNDO RUSTICA
64,BARRED PUFFBIRD,NYSTALUS RADIATUS
65,BARROWS GOLDENEYE,BUCEPHALA ISLANDICA
66,BAY-BREASTED WARBLER,SETOPHAGA CASTANEA
67,BEARDED BARBET,LYBIUS DUBIUS
68,BEARDED BELLBIRD,PROCNIAS AVERANO
69,BEARDED REEDLING,PANURUS BIARMICUS
70,BELTED KINGFISHER,MEGACERYLE ALCYON
71,BIRD OF PARADISE,STRELITZIA
72,BLACK AND YELLOW BROADBILL,EURYLAIMUS OCHROMALUS
73,BLACK BAZA,AVICEDA LEUPHOTES
74,BLACK COCKATO,CALYPTORHYNCHUS LATIROSTRIS
75,BLACK FACED SPOONBILL,PLATALEA MINOR
76,BLACK FRANCOLIN,FRANCOLINUS FRANCOLINUS
77,BLACK HEADED CAIQUE,PIONITES MELANOCEPHALUS
78,BLACK NECKED STILT,HIMANTOPUS MEXICANUS
79,BLACK SKIMMER,RYNCHOPS NIGER
80,BLACK SWAN,CYGNUS ATRATUS
81,BLACK TAIL CRAKE,AMAURORNIS BICOLOR
82,BLACK THROATED BUSHTIT,AEGITHALOS CONCINNUS
83,BLACK THROATED HUET,PTEROPTOCHOS TARNII
84,BLACK THROATED WARBLER,SETOPHAGA CAERULESCENS
85,BLACK VENTED SHEARWATER,PUFFINUS OPISTHOMELA
86,BLACK VULTURE,CORAGYPS ATRATUS
87,BLACK-CAPPED CHICKADEE,POECILE ATRICAPILLUS
88,BLACK-NECKED GREBE,PODICEPS NIGRICOLLIS
89,BLACK-THROATED SPARROW,AMPHISPIZA BILINEATA
90,BLACKBURNIAM WARBLER,SETOPHAGA FUSCA
91,BLONDE CRESTED WOODPECKER,CELEUS FLAVESCENS
92,BLOOD PHEASANT,ITHAGINIS CRUENTUS
93,BLUE COAU,COUA CAERULEA
94,BLUE DACNIS,DACNIS CAYANA
95,BLUE GRAY GNATCATCHER,POLIOPTILA CAERULEA
96,BLUE GROSBEAK,PASSERINA CAERULEA
97,BLUE GROUSE,DENDRAGAPUS OBSCURUS
98,BLUE HERON,ARDEA HERODIAS
99,BLUE MALKOHA,CEUTHMOCHARES AEREUS
100,BLUE THROATED TOUCANET,AULACORHYNCHUS CAERULEOGULARIS
101,BOBOLINK,DOLICHONYX ORYZIVORUS
102,BORNEAN BRISTLEHEAD,PITYRIASIS GYMNOCEPHALA
103,BORNEAN LEAFBIRD,CHLOROPSIS KINABALUENSIS
104,BORNEAN PHEASANT,POLYPLECTRON SCHLEIERMACHERI
105,BRANDT CORMARANT,PHALACROCORAX PENICILLATUS
106,BREWERS BLACKBIRD,EUPHAGUS CYANOCEPHALUS
107,BROWN CREPPER,CERTHIA AMERICANA
108,BROWN HEADED COWBIRD,MOLOTHRUS ATER
109,BROWN NOODY,ANOUS STOLIDUS
110,BROWN THRASHER,TOXOSTOMA RUFUM
111,BUFFLEHEAD,BUCEPHALA ALBEOLA
112,BULWERS PHEASANT,LOPHURA BULWERI
113,BURCHELLS COURSER,CURSORIUS RUFUS
114,BUSH TURKEY,ALECTURA LATHAMI
115,CAATINGA CACHOLOTE,PSEUDOSEISURA CRISTAT
116,CABOTS TRAGOPAN,TRAGOPAN CABOTI
117,CACTUS WREN,CAMPYLORHYNCHUS BRUNNEICAPILLUS
118,CALIFORNIA CONDOR,GYMNOGYPS CALIFORNIANUS
119,CALIFORNIA GULL,LARUS CALIFORNICUS
120,CALIFORNIA QUAIL,CALLIPEPLA CALIFORNICA
121,CAMPO FLICKER,COLAPTES CAMPESTRIS
122,CANARY,SERINUS CANARIA DOMESTICA
123,CANVASBACK,AYTHYA VALISINERIA
124,CAPE GLOSSY STARLING,LAMPROTORNIS NITENS
125,CAPE LONGCLAW,MACRONYX CAPENSIS
126,CAPE MAY WARBLER,SETOPHAGA TIGRINA
127,CAPE ROCK THRUSH,MONTICOLA RUPESTRIS
128,CAPPED HERON,PILHERODIUS PILEATUS
129,CAPUCHINBIRD,PERISSOCEPHALUS TRICOLOR
130,CARMINE BEE-EATER,MEROPS NUBICOIDES
131,CASPIAN TERN,HYDROPROGNE CASPIA
132,CASSOWARY,CASUARIUS
133,CEDAR WAXWING,BOMBYCILLA CEDRORUM
134,CERULEAN WARBLER,SETOPHAGA CERULEA
135,CHARA DE COLLAR,CYANOLYCA ARMILLATA
136,CHATTERING LORY,LORIUS GARRULUS
137,CHESTNET BELLIED EUPHONIA,EUPHONIA PECTORALIS
138,CHESTNUT WINGED CUCKOO, CLAMATOR COROMANDUS
139,CHINESE BAMBOO PARTRIDGE,BAMBUSICOLA THORACICUS
140,CHINESE POND HERON,ARDEOLA BACCHUS
141,CHIPPING SPARROW,SPIZELLA PASSERINA
142,CHUCAO TAPACULO,SCELORCHILUS RUBECULA
143,CHUKAR PARTRIDGE,ALECTORIS CHUKAR
144,CINNAMON ATTILA,ATTILA CINNAMOMEUS
145,CINNAMON FLYCATCHER,PYRRHOMYIAS CINNAMOMEUS
146,CINNAMON TEAL,ANAS CYANOPTERA
147,CLARKS GREBE,AECHMOPHORUS CLARKII
148,CLARKS NUTCRACKER,NUCIFRAGA COLUMBIANA
149,COCK OF THE  ROCK,RUPICOLA
150,COCKATOO,CACATUIDAE
151,COLLARED ARACARI,PTEROGLOSSUS TORQUATUS
152,COLLARED CRESCENTCHEST,MELANOPAREIA TORQUATA
153,COMMON FIRECREST,REGULUS IGNICAPILLA
154,COMMON GRACKLE,QUISCALUS QUISCULA
155,COMMON HOUSE MARTIN,DELICHON URBICUM
156,COMMON IORA,AEGITHINA TIPHIA
157,COMMON LOON,GAVIA IMMER
158,COMMON POORWILL,PHALAENOPTILUS NUTTALLII
159,COMMON STARLING,STURNUS VULGARIS
160,COPPERSMITH BARBET,MEGALAIMA HAEMACEPHALA
161,COPPERY TAILED COUCAL,CENTROPUS CUPREICAUDUS
162,CRAB PLOVER,DROMAS ARDEOLA
163,CRANE HAWK,GERANOSPIZA CAERULESCENS
164,CREAM COLORED WOODPECKER,CELEUS FLAVUS
165,CRESTED AUKLET,AETHIA CRISTATELLA
166,CRESTED CARACARA,CARACARA CHERIWAY
167,CRESTED COUA,COUA CRISTATA
168,CRESTED FIREBACK,LOPHURA IGNITA
169,CRESTED KINGFISHER,MEGACERYLE LUGUBRIS
170,CRESTED NUTHATCH,SITTA CAROLINENSIS
171,CRESTED OROPENDOLA,PSAROCOLIUS DECUMANUS
172,CRESTED SERPENT EAGLE,SPILORNIS CHEELA
173,CRESTED SHRIKETIT,FALCUNCULUS FRONTATUS
174,CRESTED WOOD PARTRIDGE,ROLLULUS ROULOUL
175,CRIMSON CHAT,EPTHIANURA TRICOLOR
176,CRIMSON SUNBIRD,AETHOPYGA SIPARAJA
177,CROW,CORVUS
178,CUBAN TODY,TODUS MULTICOLOR
179,CUBAN TROGON,PRIOTELUS TEMNURUS
180,CURL CRESTED ARACURI,PTEROGLOSSUS BEAUHARNAESII
181,D-ARNAUDS BARBET,TRACHYPHONUS DARNAUDII
182,DALMATIAN PELICAN,PELECANUS CRISPUS
183,DARJEELING WOODPECKER,DENDROCOPOS DARJELLENSIS
184,DARK EYED JUNCO,JUNCO HYEMALIS
185,DAURIAN REDSTART,PHOENICURUS AUROREUS
186,DEMOISELLE CRANE,GRUS VIRGO
187,DOUBLE BARRED FINCH,TAENIOPYGIA BICHENOVII
188,DOUBLE BRESTED CORMARANT,PHALACROCORAX AURITUS
189,DOUBLE EYED FIG PARROT,CYCLOPSITTA DIOPHTHALMA
190,DOWNY WOODPECKER,PICOIDES PUBESCENS
191,DUSKY LORY,PSEUDEOS FUSCATA
192,DUSKY ROBIN,MELANODRYAS VITTATA
193,EARED PITA,HYDRORNIS PHAYREI
194,EASTERN BLUEBIRD,SIALIA SIALIS
195,EASTERN BLUEBONNET,NORTHIELLA HAEMATOGASTER
196,EASTERN GOLDEN WEAVER,PLOCEUS SUBAUREUS
197,EASTERN MEADOWLARK,STURNELLA MAGNA
198,EASTERN ROSELLA,PLATYCERCUS EXIMIUS
199,EASTERN TOWEE,PIPILO ERYTHROPHTHALMUS
200,EASTERN WIP POOR WILL,ANTROSTOMUS VOCIFERUS
201,EASTERN YELLOW ROBIN,EOPSALTRIA AUSTRALIS
202,ECUADORIAN HILLSTAR,OREOTROCHILUS CHIMBORAZO
203,EGYPTIAN GOOSE,ALOPOCHEN AEGYPTIACA
204,ELEGANT TROGON,TROGON ELEGANS
205,ELLIOTS  PHEASANT,SYRMATICUS ELLIOTI
206,EMERALD TANAGER,TANGARA FLORIDA
207,EMPEROR PENGUIN,APTENODYTES FORSTERI
208,EMU,DROMAIUS NOVAEHOLLANDIAE
209,ENGGANO MYNA,GRACULA ENGANENSIS
210,EURASIAN BULLFINCH,PYRRHULA PYRRHULA
211,EURASIAN GOLDEN ORIOLE,ORIOLUS ORIOLUS
212,EURASIAN MAGPIE,PICA PICA
213,EUROPEAN GOLDFINCH,CARDUELIS CARDUELIS
214,EUROPEAN TURTLE DOVE,STREPTOPELIA TURTUR
215,EVENING GROSBEAK,COCCOTHRAUSTES VESPERTINUS
216,FAIRY BLUEBIRD,IRENA
217,FAIRY PENGUIN,EUDYPTULA MINOR
218,FAIRY TERN,STERNULA NEREIS
219,FAN TAILED WIDOW,EUPLECTES AXILLARIS
220,FASCIATED WREN,CAMPYLORHYNCHUS FASCIATUS
221,FIERY MINIVET,PERICROCOTUS IGNEUS
222,FIORDLAND PENGUIN,EUDYPTES PACHYRHYNCHUS
223,FIRE TAILLED MYZORNIS,MYZORNIS PYRRHOURA
224,FLAME BOWERBIRD,SERICULUS ARDENS
225,FLAME TANAGER,PIRANGA BIDENTATA
226,FOREST WAGTAIL,DENDRONANTHUS INDICUS
227,FRIGATE,FREGATIDAE
228,FRILL BACK PIGEON,COLUMBA LIVIA DOMESTICA
229,GAMBELS QUAIL,CALLIPEPLA GAMBELII
230,GANG GANG COCKATOO,CALLOCEPHALON FIMBRIATUM
231,GILA WOODPECKER,MELANERPES UROPYGIALIS
232,GILDED FLICKER,COLAPTES AURATUS
233,GLOSSY IBIS,PLEGADIS FALCINELLUS
234,GO AWAY BIRD,CORYTHAIXOIDES CONCOLOR
235,GOLD WING WARBLER,VERMIVORA CHRYSOPTERA
236,GOLDEN BOWER BIRD,PRIONODURA NEWTONIANA
237,GOLDEN CHEEKED WARBLER,SETOPHAGA CHRYSOPARIA
238,GOLDEN CHLOROPHONIA,CHLOROPHONIA CALLOPHRYS
239,GOLDEN EAGLE,AQUILA CHRYSAETOS
240,GOLDEN PARAKEET,GUARUBA GUAROUBA
241,GOLDEN PHEASANT,CHRYSOLOPHUS PICTUS
242,GOLDEN PIPIT,TMETOTHYLACUS TENELLUS
243,GOULDIAN FINCH,ERYTHRURA GOULDIAE
244,GRANDALA,GRANDALA COELICOLOR
245,GRAY CATBIRD,DUMETELLA CAROLINENSIS
246,GRAY KINGBIRD,TYRANNUS DOMINICENSIS
247,GRAY PARTRIDGE,PERDIX PERDIX
248,GREAT ARGUS,ARGUSIANUS ARGU
249,GREAT GRAY OWL,STRIX NEBULOSA
250,GREAT JACAMAR,JACAMEROPS AUREUS
251,GREAT KISKADEE,PITANGUS SULPHURATUS
252,GREAT POTOO,NYCTIBIUS GRANDIS
253,GREAT TINAMOU,TINAMUS MAJOR
254,GREAT XENOPS,MEGAXENOPS PARNAGUAE
255,GREATER PEWEE,CONTOPUS PERTINAX
256,GREATER PRAIRIE CHICKEN,TYMPANUCHUS CUPIDO
257,GREATOR SAGE GROUSE,CENTROCERCUS UROPHASIANUS
258,GREEN BROADBILL,CALYPTOMENA VIRIDIS
259,GREEN JAY,CYANOCORAX YNCAS
260,GREEN MAGPIE,CISSA CHINENSIS
261,GREEN WINGED DOVE,CHALCOPHAPS INDICA
262,GREY CUCKOOSHRIKE,CORACINA CAESIA
263,GREY HEADED FISH EAGLE,ICHTHYOPHAGA ICHTHYAETUS
264,GREY PLOVER,PLUVIALIS SQUATAROLA
265,GROVED BILLED ANI,CROTOPHAGA SULCIROSTRIS
266,GUINEA TURACO,TAURACO PERSA
267,GUINEAFOWL,NUMIDIDAE
268,GURNEYS PITTA,HYDRORNIS GURNEYI
269,GYRFALCON,FALCO RUSTICOLUS
270,HAMERKOP,SCOPUS UMBRETTA
271,HARLEQUIN DUCK,HISTRIONICUS HISTRIONICUS
272,HARLEQUIN QUAIL,COTURNIX DELEGORGUEI
273,HARPY EAGLE,HARPIA HARPYJA
274,HAWAIIAN GOOSE,BRANTA SANDVICENSIS
275,HAWFINCH,COCCOTHRAUSTES COCCOTHRAUSTES
276,HELMET VANGA,EURYCEROS PREVOSTII
277,HEPATIC TANAGER,PIRANGA FLAVA
278,HIMALAYAN BLUETAIL,TARSIGER RUFILATUS
279,HIMALAYAN MONAL,LOPHOPHORUS IMPEJANUS
280,HOATZIN,OPHISTHOCOMUS HOAZIN
281,HOODED MERGANSER,LOPHODYTES CUCULLATUS
282,HOOPOES,UPUPIDAE
283,HORNED GUAN,OREOPHASIS DERBIANUS
284,HORNED LARK,EREMOPHILA ALPESTRIS
285,HORNED SUNGEM,HELIACTIN BILOPHUS
286,HOUSE FINCH,HAEMORHOUS MEXICANUS
287,HOUSE SPARROW,PASSER DOMESTICUS
288,HYACINTH MACAW,ANODORHYNCHUS HYACINTHINUS
289,IBERIAN MAGPIE,CYANOPICA COOKI
290,IBISBILL,IBIDORHYNCHA STRUTHERSII
291,IMPERIAL SHAQ,LEUCOCARBO ATRICEPS
292,INCA TERN,LAROSTERNA INCA
293,INDIAN BUSTARD,ARDEOTIS NIGRICEPS
294,INDIAN PITTA,PITTA BRACHYURA
295,INDIAN ROLLER,CORACIAS BENGHALENSIS
296,INDIAN VULTURE,GYPS INDICUS
297,INDIGO BUNTING,PASSERINA CYANEA
298,INDIGO FLYCATCHER,EUMYIAS INDIGO
299,INLAND DOTTEREL,CHARADRIUS AUSTRALIS
300,IVORY BILLED ARACARI,PTEROGLOSSUS AZARA
301,IVORY GULL,PAGOPHILA EBURNEA
302,IWI, VESTIARIA COCCINEA.
303,JABIRU,JABIRU MYCTERIA
304,JACK SNIPE,LYMNOCRYPTES MINIMUS
305,JACOBIN PIGEON,COLUMBA LIVIA
306,JANDAYA PARAKEET,ARATINGA JANDAYA
307,JAPANESE ROBIN,ERITHACUS AKAHIGE
308,JAVA SPARROW,LONCHURA ORYZIVORA
309,JOCOTOCO ANTPITTA,GRALLARIA RIDGELYI
310,KAGU,RHYNOCHETOS JUBATUS
311,KAKAPO,STRIGOPS HABROPTILUS
312,KILLDEAR,CHARADRIUS VOCIFERUS
313,KING EIDER,SOMATERIA SPECTABILIS
314,KING VULTURE,SARCORAMPHUS PAPA
315,KIWI,APTERYX
316,KOOKABURRA,DACELO
317,LARK BUNTING,CALAMOSPIZA MELANOCORYS
318,LAUGHING GULL,LEUCOPHAEUS ATRICILLA
319,LAZULI BUNTING,PASSERINA AMOENA
320,LESSER ADJUTANT,LEPTOPTILOS JAVANICUS
321,LILAC ROLLER,CORACIAS CAUDATUS
322,LIMPKIN,ARAMUS GUARAUNA
323,LITTLE AUK,ALLE ALLE
324,LOGGERHEAD SHRIKE,LANIUS LUDOVICIANUS
325,LONG-EARED OWL,ASIO OTUS
326,LOONEY BIRDS,LUNATICUS AMERICONIS
327,LUCIFER HUMMINGBIRD,CALOTHORAX LUCIFER
328,MAGPIE GOOSE,ANSERANAS SEMIPALMATA
329,MALABAR HORNBILL,OCYCEROS GRISEUS
330,MALACHITE KINGFISHER,CORYTHORNIS CRISTATUS
331,MALAGASY WHITE EYE,ZOSTEROPS MADERASPATANUS
332,MALEO,MACROCEPHALON MALEO
333,MALLARD DUCK,ANAS PLATYRHYNCHOS
334,MANDRIN DUCK,AIX GALERICULATA
335,MANGROVE CUCKOO,COCCYZUS MINOR
336,MARABOU STORK,LEPTOPTILOS CRUMENIFER
337,MASKED BOBWHITE,COLINUS VIRGINIANUS RIDGWAYI
338,MASKED BOOBY,SULA DACTYLATRA
339,MASKED LAPWING,VANELLUS MILES
340,MCKAYS BUNTING,PLECTROPHENAX HYPERBOREUS
341,MERLIN,FALCO COLUMBARIUS
342,MIKADO  PHEASANT,SYRMATICUS MIKADO
343,MILITARY MACAW,ARA MILITARIS
344,MOURNING DOVE,ZENAIDA MACROURA
345,MYNA,ACRIDOTHERES TRISTIS
346,NICOBAR PIGEON,CALOENAS NICOBARICA
347,NOISY FRIARBIRD,PHILEMON CORNICULATUS
348,NORTHERN BEARDLESS TYRANNULET,CAMPTOSTOMA IMBERBE
349,NORTHERN CARDINAL,CARDINALIS CARDINALIS
350,NORTHERN FLICKER,COLAPTES AURATUS
351,NORTHERN FULMAR,FULMARUS GLACIALIS
352,NORTHERN GANNET,MORUS BASSANUS
353,NORTHERN GOSHAWK,ACCIPITER GENTILIS
354,NORTHERN JACANA,JACANA SPINOSA
355,NORTHERN MOCKINGBIRD,MIMUS POLYGLOTTOS
356,NORTHERN PARULA,SETOPHAGA AMERICANA
357,NORTHERN RED BISHOP,EUPLECTES FRANCISCANUS
358,NORTHERN SHOVELER,SPATULA CLYPEATA
359,OCELLATED TURKEY,MELEAGRIS OCELLATA
360,OKINAWA RAIL,GALLIRALLUS OKINAWAE
361,ORANGE BREASTED TROGON,HARPACTES ORESKIOS
362,ORANGE BRESTED BUNTING,PASSERINA LECLANCHERII
363,ORIENTAL BAY OWL,PHODILUS BADIUS
364,ORNATE HAWK EAGLE,SPIZAETUS ORNATUS
365,OSPREY,PANDION HALIAETUS
366,OSTRICH,STRUTHIO CAMELUS
367,OVENBIRD,SEIURUS AUROCAPILLA
368,OYSTER CATCHER,HAEMATOPUS
369,PAINTED BUNTING,PASSERINA CIRIS
370,PALILA,LOXIOIDES BAILLEUI
371,PALM NUT VULTURE,GYPOHIERAX ANGOLENSIS
372,PARADISE TANAGER,TANGARA CHILENSIS
373,PARAKETT  AKULET,AETHIA PSITTACULA
374,PARUS MAJOR,PARUS MAJOR
375,PATAGONIAN SIERRA FINCH,PHRYGILUS PATAGONICUS
376,PEACOCK,PAVO CRISTATUS
377,PEREGRINE FALCON,FALCO PEREGRINUS
378,PHAINOPEPLA,PHAINOPEPLA NITENS
379,PHILIPPINE EAGLE,PITHECOPHAGA JEFFERYI
380,PINK ROBIN,PETROICA RODINOGASTER
381,PLUSH CRESTED JAY,CYANOCORAX CHRYSOPS
382,POMARINE JAEGER,STERCORARIUS POMARINUS
383,PUFFIN,FRATERCULA
384,PUNA TEAL,ANAS PUNA
385,PURPLE FINCH,HAEMORHOUS PURPUREUS
386,PURPLE GALLINULE,PORPHYRIO MARTINICUS
387,PURPLE MARTIN,PROGNE SUBIS
388,PURPLE SWAMPHEN,PORPHYRIO PORPHYRIO
389,PYGMY KINGFISHER,ISPIDINA PICTA
390,PYRRHULOXIA,CARDINALIS SINUATUS
391,QUETZAL,PHAROMACHRUS MOCINNO
392,RAINBOW LORIKEET,TRICHOGLOSSUS MOLUCCANUS
393,RAZORBILL,ALCA TORDA
394,RED BEARDED BEE EATER,NYCTYORNIS AMICTUS
395,RED BELLIED PITTA,PITTA ERYTHROGASTER
396,RED BILLED TROPICBIRD,PHAETHON AETHEREU
397,RED BROWED FINCH,NEOCHMIA TEMPORALIS
398,RED FACED CORMORANT,PHALACROCORAX URILE
399,RED FACED WARBLER,CARDELLINA RUBRIFRONS
400,RED FODY,FOUDIA MADAGASCARIENSIS
401,RED HEADED DUCK,AYTHYA AMERICANA
402,RED HEADED WOODPECKER,MELANERPES ERYTHROCEPHALUS
403,RED KNOT,CALIDRIS CANUTUS
404,RED LEGGED HONEYCREEPER,CYANERPES CYANEUS
405,RED NAPED TROGON,HARPACTES KASUMBA
406,RED SHOULDERED HAWK,BUTEO LINEATUS
407,RED TAILED HAWK,BUTEO JAMAICENSIS
408,RED TAILED THRUSH,NEOCOSSYPHUS RUFUS
409,RED WINGED BLACKBIRD,AGELAIUS PHOENICEUS
410,RED WISKERED BULBUL,PYCNONOTUS JOCOSUS
411,REGENT BOWERBIRD,SERICULUS CHRYSOCEPHALUS
412,RING-NECKED PHEASANT,PHASIANUS COLCHICUS
413,ROADRUNNER,GEOCOCCYX
414,ROCK DOVE,COLUMBA LIVIA
415,ROSE BREASTED COCKATOO,EOLOPHUS ROSEICAPILLA
416,ROSE BREASTED GROSBEAK,PHEUCTICUS LUDOVICIANUS
417,ROSEATE SPOONBILL,PLATALEA AJAJA
418,ROSY FACED LOVEBIRD,AGAPORNIS ROSEICOLLIS
419,ROUGH LEG BUZZARD,BUTEO LAGOPUS
420,ROYAL FLYCATCHER,ONYCHORHYNCHUS
421,RUBY CROWNED KINGLET,REGULUS CALENDULA
422,RUBY THROATED HUMMINGBIRD,ARCHILOCHUS COLUBRIS
423,RUDDY SHELDUCK,TADORNA FERRUGINEA
424,RUDY KINGFISHER,HALCYON COROMANDA
425,RUFOUS KINGFISHER,CHLOROCERYLE INDA
426,RUFOUS TREPE,DENDROCITTA VAGABUNDA
427,RUFUOS MOTMOT,BARYPHTHENGUS MARTII
428,SAMATRAN THRUSH,MYOPHONUS CASTANEUS
429,SAND MARTIN,RIPARIA RIPARIA
430,SANDHILL CRANE,GRUS CANADENSIS
431,SATYR TRAGOPAN,TRAGOPAN SATYRA
432,SAYS PHOEBE,SAYORNIS SAYA
433,SCARLET CROWNED FRUIT DOVE,PTILINOPUS INSULARIS
434,SCARLET FACED LIOCICHLA,LIOCICHLA RIPPONI
435,SCARLET IBIS,EUDOCIMUS RUBER
436,SCARLET MACAW,ARA MACAO
437,SCARLET TANAGER,PIRANGA OLIVACEA
438,SHOEBILL,BALAENICEPS REX
439,SHORT BILLED DOWITCHER,LIMNODROMUS GRISEUS
440,SMITHS LONGSPUR,CALCARIUS PICTUS
441,SNOW GOOSE,ANSER CAERULESCENS
442,SNOW PARTRIDGE,LERWA LERWA
443,SNOWY EGRET,EGRETTA THULA
444,SNOWY OWL,BUBO SCANDIACUS
445,SNOWY PLOVER,CHARADRIUS NIVOSUS
446,SORA,PORZANA CAROLINA
447,SPANGLED COTINGA,COTINGA CAYANA
448,SPLENDID WREN,MALURUS SPLENDENS
449,SPOON BILED SANDPIPER,CALIDRIS PYGMAEA
450,SPOTTED CATBIRD,AILUROEDUS MACULOSUS
451,SPOTTED WHISTLING DUCK,DENDROCYGNA GUTTATA
452,SQUACCO HERON,ARDEOLA RALLOIDES
453,SRI LANKA BLUE MAGPIE,UROCISSA ORNATA
454,STEAMER DUCK,TACHYERES
455,STORK BILLED KINGFISHER,PELARGOPSIS CAPENSIS
456,STRIATED CARACARA,PHALCOBOENUS AUSTRALIS
457,STRIPED OWL,ASIO CLAMATOR
458,STRIPPED MANAKIN,MACHAEROPTERUS REGULUS
459,STRIPPED SWALLOW,CECROPIS ABYSSINICA
460,SUNBITTERN, EURYPYGA HELIAS
461,SUPERB STARLING,LAMPROTORNIS SUPERBUS
462,SURF SCOTER,MELANITTA PERSPICILLATA
463,SWINHOES PHEASANT,LOPHURA SWINHOII
464,TAILORBIRD,ORTHOTOMUS ATROGULARIS
465,TAIWAN MAGPIE,UROCISSA CAERULEA
466,TAKAHE,PORPHYRIO HOCHSTETTERI
467,TASMANIAN HEN,TRIBONYX MORTIERII
468,TAWNY FROGMOUTH,PODARGUS STRIGOIDES
469,TEAL DUCK,ANAS CRECCA
470,TIT MOUSE,PARIDAE
471,TOUCHAN,RAMPHASTIDAE
472,TOWNSENDS WARBLER,SETOPHAGA TOWNSENDI
473,TREE SWALLOW,TACHYCINETA BICOLOR
474,TRICOLORED BLACKBIRD,AGELAIUS TRICOLOR
475,TROPICAL KINGBIRD,TYRANNUS MELANCHOLICUS
476,TRUMPTER SWAN,CYGNUS BUCCINATOR
477,TURKEY VULTURE,CATHARTES AURA
478,TURQUOISE MOTMOT,EUMOMOTA SUPERCILIOSA
479,UMBRELLA BIRD,CEPHALOPTERUS
480,VARIED THRUSH,IXOREUS NAEVIUS
481,VEERY,CATHARUS FUSCESCENS
482,VENEZUELIAN TROUPIAL,ICTERUS ICTERUS
483,VERDIN,AURIPARUS FLAVICEPS
484,VERMILION FLYCATHER,PYROCEPHALUS OBSCURUS
485,VICTORIA CROWNED PIGEON,GOURA VICTORIA
486,VIOLET BACKED STARLING,CINNYRICINCLUS LEUCOGASTER
487,VIOLET CUCKOO, CHRYSOCOCCYX XANTHORHYNCHUS
488,VIOLET GREEN SWALLOW,TACHYCINETA THALASSINA
489,VIOLET TURACO,MUSOPHAGA VIOLACEA
490,VISAYAN HORNBILL,PENELOPIDES PANINI
491,VULTURINE GUINEAFOWL,ACRYLLIUM VULTURINUM
492,WALL CREAPER,TICHODROMA MURARIA
493,WATTLED CURASSOW,CRAX GLOBULOSA
494,WATTLED LAPWING,VANELLUS INDICUS
495,WHIMBREL,NUMENIUS PHAEOPUS
496,WHITE BREASTED WATERHEN,AMAURORNIS PHOENICURUS
497,WHITE BROWED CRAKE,AMAURORNIS CINEREA
498,WHITE CHEEKED TURACO,TAURACO LEUCOTIS
499,WHITE CRESTED HORNBILL,TROPICRANUS ALBOCRISTATUS
500,WHITE EARED HUMMINGBIRD,BASILINNA LEUCOTIS
501,WHITE NECKED RAVEN,CORVUS ALBICOLLIS
502,WHITE TAILED TROPIC,PHAETHON LEPTURUS
503,WHITE THROATED BEE EATER,MEROPS ALBICOLLIS
504,WILD TURKEY,MELEAGRIS GALLOPAVO
505,WILLOW PTARMIGAN,LAGOPUS LAGOPUS
506,WILSONS BIRD OF PARADISE,CICINNURUS RESPUBLICA
507,WOOD DUCK,AIX SPONSA
508,WOOD THRUSH,HYLOCICHLA MUSTELINA
509,WOODLAND KINGFISHER,HALCYON SENEGALENSIS
510,WRENTIT,CHAMAEA FASCIATA
511,YELLOW BELLIED FLOWERPECKER,DICAEUM MELANOXANTHUM
512,YELLOW CACIQUE,CACICUS CELA
513,YELLOW HEADED BLACKBIRD,XANTHOCEPHALUS
514,ZEBRA DOVE,GEOPELIA STRIATA